title,link
"Chris Thompson, CDME - President and CEO - Brand USA",https://www.linkedin.com/in/chris-thompson-cdme-b30405205
Antonio Pietri - President and Chief Executive Officer,https://www.linkedin.com/in/antonio-pietri-5a8a164
Julie Sweet - Chair - Accenture,https://www.linkedin.com/in/julie-sweet
Jeff Weiner,https://www.linkedin.com/in/jeffweiner08
Nimrod Basri - Founder and CEO - Make USA LLC,https://www.linkedin.com/in/nimrod-basri-b2088318
Javier Estades Saez - President and Chief Executive Officer,https://www.linkedin.com/in/javier-estades-saez-b9003918
Anders Gustafsson - Chief Executive Officer - HolDaCaCha,https://www.linkedin.com/in/andersgustafsson-volvo
David DeWolf - President and Chief Executive Officer,https://www.linkedin.com/in/ddewolf
Pierre Bang - President and Chief Executive Officer,https://www.linkedin.com/in/pierre-bang-220aab207
Jaimie Longmuir - Founder and CEO - USA Sports,https://uk.linkedin.com/in/jaimie-longmuir-39587444
"Matthew Prince - CEO & Co-Founder - Cloudflare, Inc.",https://www.linkedin.com/in/mprince
Albert Periu - CEO USA - Zilch,https://www.linkedin.com/in/albertperiu
Dean Richards - President and CEO - Piller USA Inc.,https://www.linkedin.com/in/dean-richards-ab1a6725
Hideki (Chris) Ono - Chairman & CEO - Pioneer North ...,https://www.linkedin.com/in/hideki-chris-ono-942a5027
Jeff Mosler,https://www.linkedin.com/in/jeff-mosler-9799808
Frank Rivera - Owner and CEO - On The Move USA,https://www.linkedin.com/in/frank-rivera-273a8a29
Klaus Kleinfeld - Chief Executive Officer - AllergoSan USA,https://www.linkedin.com/in/klauskleinfeld
Paul Barlow - CEO - A-SAFE USA,https://www.linkedin.com/in/paul-barlow-6664658
Chuck Robbins - Chair and CEO - Cisco,https://www.linkedin.com/in/chuck-robbins
Satya Nadella,https://www.linkedin.com/in/satyanadella
Chris Keffer - President and Chief Executive Officer - STIHL ...,https://www.linkedin.com/in/chris-keffer
Javier González - Region President North America and ...,https://www.linkedin.com/in/javiermgonzalez
Jane Fraser,https://www.linkedin.com/in/jane-fraser-3292068
Greg Anderson,https://www.linkedin.com/in/greg-anderson-7322136
KS Choi,https://www.linkedin.com/in/ks-choi-9a7a1461
Federico Turconi - President & CEO of the Americas - Gucci,https://www.linkedin.com/in/federico-turconi-75446314
Edward Hall - President and CEO - Baerlocher USA,https://www.linkedin.com/in/edward-hall-18ba356
Sebastian Mackensen,https://www.linkedin.com/in/sebastian-mackensen-222616209
"Barron Segar - Washington, District of Columbia, United ...",https://www.linkedin.com/in/barron-segar-89678852
John P Cody - President and CEO - medi USA,https://www.linkedin.com/in/john-p-cody-45591a6
Sophie Goldschmidt - U.S. Ski & Snowboard Team,https://www.linkedin.com/in/sophie-goldschmidt-6a2bb04
"Jun (Jeff) Ashida - Chairman, President and CEO",https://www.linkedin.com/in/jun-jeff-ashida-411a24140
David Rose - Chief Executive Officer - US Expansion ...,https://www.linkedin.com/in/davidbrose
Diane Sanchez - President and CEO - Telefonica USA,https://www.linkedin.com/in/diane-sanchez-65b6a911
Paul Knopp,https://www.linkedin.com/in/paulknopp-kpmg
"Paul Hewins - President / Chief Executive Officer, Skanska ...",https://www.linkedin.com/in/paul-hewins-6a4685a
Chris Hilliard - CEO - USA Companies,https://www.linkedin.com/in/chris-hilliard-48766215
allan tatala - ceo - usa,https://www.linkedin.com/in/allan-tatala-25831019
Paul Rice - Founder & CEO - Fair Trade USA,https://www.linkedin.com/in/pauldrice
Barbara Humpton - U.S. CEO - Siemens,https://www.linkedin.com/in/barbara-humpton
Suzanne Ehlers - Executive Director and CEO,https://www.linkedin.com/in/suzanne-ehlers
Mike Sievert - President and CEO - T-Mobile,https://www.linkedin.com/in/sievert
Kenny Khan - CEO - USA Studios,https://www.linkedin.com/in/kenny-khan-04207131
Michael J. Nyenhuis - President and CEO - UNICEF USA,https://www.linkedin.com/in/michaelnyenhuis
Brendan Quirk - Chief Executive Officer - USA Cycling,https://www.linkedin.com/in/brendan-quirk-a2093321
Sam Yoshida,https://www.linkedin.com/in/sam-yoshida-59199434
Roger Dow,https://www.linkedin.com/in/rogerdow
Philippe Huguet - CEO USA & VP Sales North America,https://www.linkedin.com/in/philippe-huguet-a8098258
"JOSE DIAZ - President and CEO - MASA-USA, LLC",https://www.linkedin.com/in/jose-diaz-74b72366
Vanessa Reed - President and CEO - New Music USA,https://www.linkedin.com/in/vanessareed74
Ahsanul Karim - Co-Founder & CEO - T-Load USA,https://www.linkedin.com/in/ahsanul-karim
Mike Reed - Chairman / CEO - Gannett | USA TODAY ...,https://www.linkedin.com/in/mike-reed-1659b38
Mike Monahan - President / CEO - Chefs USA,https://www.linkedin.com/in/mike-monahan-254a52170
"Steve Presley - CEO, Nestlé Zone North America",https://www.linkedin.com/in/steve-presley
"Rafael Na - Principal CEO - USA LA Limo and Service, Inc",https://www.linkedin.com/in/rafael-na-7324b9196
Ross Young - CEO - USA Rugby,https://www.linkedin.com/in/ross-young-432a7037
Li Li Leung - President and CEO - USA Gymnastics,https://www.linkedin.com/in/li-li-leung
Mary Barra,https://www.linkedin.com/in/mary-barra
Karen Davis Fili - President and CEO - URENCO USA,https://www.linkedin.com/in/karen-davis-fili-a1810814
Alberto Paderi - President & CEO - Bindi North America,https://www.linkedin.com/in/alberto-paderi-15a4596
Scott Messing - President & CEO - Youth For ...,https://www.linkedin.com/in/scott-messing-b06b749
George Washington - CEO - USA TODAY,https://www.linkedin.com/in/george-washington-4aa515aa
"Jan Heck - German American Chamber of Commerce, Inc.",https://www.linkedin.com/in/heckjan
Jimmy Lam - CEO & Founder - One Shop Usa,https://www.linkedin.com/in/jimmylam2
Charles Price - CEO - USA Realty,https://www.linkedin.com/in/charles-price-9736a966
Tom Hale,https://www.linkedin.com/in/tomeghale
David Flitman - Chief Executive Officer - US Foods,https://www.linkedin.com/in/daveflitman
Kevin Lobo - Chair & CEO - Stryker,https://www.linkedin.com/in/kevinalobo
Alvaro GIbson - ceo - usa,https://www.linkedin.com/in/alvaro-gibson-7134bba
Hemant Kaushik (Harry) - CEO & Chairman - USA TV ...,https://www.linkedin.com/in/hemant-kaushik-harry-28aaa4a1
"Kristof Van Beveren - CEO, General Manager United States",https://www.linkedin.com/in/kristofvanbeveren
Steve Whittingham - CEO USA - Agility,https://www.linkedin.com/in/steve-whittingham-65927b160
Jon Zwinski - Chief Executive Officer - General Manager,https://www.linkedin.com/in/jon-zwinski-741a867
Michal Lagunionek,https://www.linkedin.com/in/michal-lagunionek-b67b5419b
Nadim Ahmed - President and CEO - Cullinan Oncology,https://www.linkedin.com/in/nadim-ahmed-806b181b7
"Dan Schulman - San Jose, California, United States",https://www.linkedin.com/in/dan-schulman
"Dave Ricks - Chair, CEO - Eli Lilly and Company",https://www.linkedin.com/in/davearicks
Jim Shreve - Notre Dame - New York ...,https://www.linkedin.com/in/jim-shreve-0449083
Jeff Harmening,https://www.linkedin.com/in/jeff-harmening
Miquel Colet - Chief Executive Officer (CEO) USA and ...,https://www.linkedin.com/in/miquelcolet
Philipp Skogstad - President and CEO - Mercedes-Benz ...,https://www.linkedin.com/in/philippskogstad
Joe Schmo - CEO - USA,https://www.linkedin.com/in/joe-schmo-ab56751b6
Megan Myungwon Lee,https://www.linkedin.com/in/meganmyungwonlee
Max Siegel - CEO - USA Track & Field,https://www.linkedin.com/in/max-siegel-26052b40
Suzanne McCormick,https://www.linkedin.com/in/suzanne-mccormick-15547512
John R. Schmidt - President & CEO SKF USA Inc ...,https://www.linkedin.com/in/john-r-schmidt-7ba27b102
Josh Whale - Founder and CEO - Ampersand USA Inc,https://ke.linkedin.com/in/josh-whale
Stephen Liquori - CEO - Goodwear USA,https://www.linkedin.com/in/stephenliquori
Paul Seiler - Executive Director/CEO - USA Baseball,https://www.linkedin.com/in/paul-seiler-0317725
"Gretchen Watkins - President, Shell USA, Inc.",https://www.linkedin.com/in/gretchen-watkins
Hans Lee - President & CEO - WIDE USA Corporation,https://www.linkedin.com/in/hans-lee-7123b76
Stacey Kennedy - President Americas & CEO of PMI's U.S. ...,https://www.linkedin.com/in/stacey-kennedy-7626275
Lewis (Lou) Cornell,https://www.linkedin.com/in/lewis-lou-cornell-b3905832
Mark J. Barrenechea - CEO & CTO - OpenText,https://www.linkedin.com/in/markbarrenechea
Christophe Georges,https://www.linkedin.com/in/christophegeorges
Sean Segal - Co-Founder and CEO - Escalate,https://www.linkedin.com/in/sean-segal
Sasha Nikolic - Chief Executive Officer - Reece USA,https://www.linkedin.com/in/sasha-nikolic-850a1394
Diego Sampaio - Founder and CEO - USA Ecommerce ...,https://www.linkedin.com/in/diegosampaio
Dan Rothmann,https://www.linkedin.com/in/dan-rothmann-2299119
Liz Ryan - Founder and CEO - Human Workplace,https://www.linkedin.com/in/lizryan
"Blake Richetta - Chairman and CEO - sonnen, Inc.",https://www.linkedin.com/in/blake-richetta-46b43322
Uri Yarden - Founder & CEO - USA-MORTGAGES,https://il.linkedin.com/in/uriyarden
Jim Tolbert - CEO - USA Inc,https://www.linkedin.com/in/jim-tolbert-8278a894
Thomas Howell - Chairman & CEO - Tech USA,https://www.linkedin.com/in/thomas-howell-37b0981b
Jeffrey Sweeney - Chairman & CEO at US Capital Global,https://www.linkedin.com/in/jeffreysweeney1
"Gerard Adams - President & CEO - Kyowa Hakko U.S.A., Inc.",https://www.linkedin.com/in/gerard-adams-30b01b119
Chris Maze - President & CEO - Pescanova USA,https://www.linkedin.com/in/chris-maze
Christiana Riley,https://www.linkedin.com/in/christiana-riley
Shane Grant,https://www.linkedin.com/in/shane-grant-842a4718
Milo Liu - CEO - US New Power,https://www.linkedin.com/in/milo-liu-83b25198
"Axel Husen - President & CEO at Interlock USA, Inc.",https://www.linkedin.com/in/axel-husen-545aa6105
Vijayakumar C,https://www.linkedin.com/in/vijayakumar-c-hcl
"Bryan Poerner - President & CEO, USA - Diadora",https://www.linkedin.com/in/bryan-poerner-b0a0205
Rauf Shakir - Chief Executive Officer - USA Guided Tours,https://www.linkedin.com/in/rauf-shakir-b6882958
Jean-Claude Dubacher - Chairman and CEO - B. Braun of ...,https://www.linkedin.com/in/jean-claude-dubacher
"Meena Munshi - Founder and CEO - DART, USA",https://www.linkedin.com/in/meena-munshi
Ali javed - CEO - Baco USA INC,https://www.linkedin.com/in/ali-javed-75b9534a
Jason Hart - Chief Executive Officer - ALDI USA,https://www.linkedin.com/in/jasonhartaldi
Chris Cousins - Founder & CEO - Sports Recruiting USA,https://uk.linkedin.com/in/chrismcousins
Marc Hruschka,https://www.linkedin.com/in/marchruschka
John Gordon,https://www.linkedin.com/in/johnpgordon
Seth Kaufman,https://www.linkedin.com/in/sethkauf
Craig Hewitt - President and CEO - YAMAHA MOTOR ...,https://www.linkedin.com/in/craig-hewitt-7629759
Larry Fink,https://www.linkedin.com/in/laurencefink
Gregory Kelly - Chief Executive Officer - STV,https://www.linkedin.com/in/gregory-kelly-aa1b3a4
Johan Slabbert - Chief Executive Officer - MSIG Holdings ...,https://www.linkedin.com/in/johan-slabbert-45997114
Joe E. - President&CEO - Jaguar Land Rover North America,https://www.linkedin.com/in/joe-e-82a64b4
Tori Tomlinson - Founder & CEO - US Wellness,https://www.linkedin.com/in/tori-tomlinson-73ab175
Thomas Bronz - President and CEO - US Tarp,https://www.linkedin.com/in/thomas-bronz-37464a4
Scott Parker - Sumitomo Electric Device Innovations USA,https://www.linkedin.com/in/scott-parker-8b93ba9
USA Villa Rentals - CEO,https://uk.linkedin.com/in/usa-villa-rentals-41281a11b
Don Eaton - President & CEO - Sauer Compressors USA,https://www.linkedin.com/in/doneatonsauer
Jerry Smith - Founder and CEO - USA eShop,https://www.linkedin.com/in/jerry-smith-58277329
Mike Marusic,https://www.linkedin.com/in/mikemarusic
Franco Gussalli Beretta - President & C.E.O.,https://it.linkedin.com/in/francogussalliberetta/en
John Furner - Walmart,https://www.linkedin.com/in/furner
Jeff Lawson - Twilio Inc.,https://www.linkedin.com/in/jeffiel
LT Gibson - President and CEO - US LBM,https://www.linkedin.com/in/lt-gibson-ab8666b6
Chris Caldwell - President and CEO - Concentrix,https://www.linkedin.com/in/chriscaldwell-cnxc
"Nick Maynard, PhD - Co-founder and CEO - US Ignite",https://www.linkedin.com/in/nick-maynard-phd-254378
"John Street - CEO, Chairman, Founder - Pax8",https://www.linkedin.com/in/john-street-pax8
jay matthew - President and CEO - Sportime USA,https://www.linkedin.com/in/jay-matthew-2449105a
Chris Nassetta - President and CEO - Hilton,https://www.linkedin.com/in/chrisnassetta
Greg Hewitt,https://www.linkedin.com/in/greg-hewitt-b995992
Usa Exportteam - ceo - USA Networks,https://www.linkedin.com/in/usa-exportteam-68381b32
Andrew Swinand - CEO Publicis Groupe Creative and ...,https://www.linkedin.com/in/andrewswinand
SeungKyu (Sean) Yoon - President & CEO - Kia Motors ...,https://www.linkedin.com/in/seungkyu-sean-yoon-3251b1a9
Nolan Pike - United States | Professional Profile,https://www.linkedin.com/in/nolan-pike-b735948
Minoru Tanabe - President and CEO - Kumon North ...,https://www.linkedin.com/in/minoru-tanabe-44b61453
Christophe MASSONI,https://www.linkedin.com/in/christophe-massoni-05186313/en
Gary Bessoni - CEO - Peak USA,https://www.linkedin.com/in/garybessoni
Ronan Dunne,https://www.linkedin.com/in/dunneronan
Matt Speers - Owner and CEO - USA Ski & Golf Tours,https://www.linkedin.com/in/matt-speers-60193019b
Michael Zerkel - CEO and General Counsel - ALL USA ...,https://www.linkedin.com/in/michael-zerkel-b97a9314
Chris Wilkes - President and CEO - Enginsoft USA,https://www.linkedin.com/in/wilkeschris
Tim Wennes - CEO and Country Head - Santander US,https://www.linkedin.com/in/tim-wennes
Aaron Garry - President and CEO - Bizerba North America,https://www.linkedin.com/in/aaronlgarry
Esi Eggleston Bracey,https://www.linkedin.com/in/esiegglestonbracey
Anthony Capuano - President and Chief Executive Officer,https://www.linkedin.com/in/anthonycapuano
"Jim Milton - Boca Raton, Florida, United States",https://www.linkedin.com/in/jim-milton-9b044416
Jeff Barna - President & CEO - Yokohama Tire Corporation,https://www.linkedin.com/in/jeff-barna
Sébastien Guinchard - CEO - Sabon USA,https://www.linkedin.com/in/s%C3%A9bastien-guinchard-9b506a36
Steven Locke - CEO - USA Field Hockey,https://www.linkedin.com/in/steven-locke-a5244967
"Noel Wallace - Chairman, President and Chief Executive ...",https://www.linkedin.com/in/noel-wallace-453797173
Jeff Eilers - President and CEO - Broekema Beltway USA Inc,https://www.linkedin.com/in/jeff-eilers-150b9311
Logan Nathan - Founder and CEO | 'Field Service ...,https://au.linkedin.com/in/logannathan
Jeff Mechura - President & CEO - Elan USA Corp.,https://www.linkedin.com/in/jeff-mechura-261a2a10
Olivier Poirot,https://www.linkedin.com/in/olivier-poirot-7a3221a
Mike Walters - CEO - USA Financial,https://www.linkedin.com/in/mike-walters1
David Borrero - CEO - USA Land Ventures,https://www.linkedin.com/in/david-borrero-3b7b6459
Suzanne Clark,https://www.linkedin.com/in/suzanne-clark-14081665
Peter J Arduini - President & CEO - GE HealthCare,https://www.linkedin.com/in/peter-j-arduini
Mike McGowan - Region Head and Chief Executive Officer,https://www.linkedin.com/in/mike-mcgowan
Gloria Negrao - President and CEO - Liberty Imports USA ...,https://www.linkedin.com/in/gloria-negrao-5290408
John Boyle - Morris Catholic - United States,https://www.linkedin.com/in/john-boyle-79a7933
David Utrilla - President & CEO - U.S. Translation Company,https://www.linkedin.com/in/davidutrilla
Stuart Sopp - CEO - Current,https://www.linkedin.com/in/stuartsopp
Chris Cartwright - President and Chief Executive Officer,https://www.linkedin.com/in/chris-cartwright
Mike Thompson - President and CEO - CODAN USA,https://www.linkedin.com/in/mike-thompson-b62a2910
Simon Wood - CEO/Regional Director of Eficode (UK & USA),https://uk.linkedin.com/in/simonpatwood
Stephane Berthier - President and CEO,https://www.linkedin.com/in/stephane-berthier-a114518
Bill Thompson,https://www.linkedin.com/in/bill-thompson-706b366
David I. - Founder and CEO - Effeect,https://www.linkedin.com/in/ispiryan1
Keelan Barker - CEO - Sport First USA,https://uk.linkedin.com/in/keelan-barker-ba056b110
"Chris Koutrotsios - President and CEO - MasterTel USA, Inc.",https://www.linkedin.com/in/chriskoutrotsios
Martin Randolph - Chief Executive Officer - Osmond,https://www.linkedin.com/in/mj-randolph
"Chris Slater - Founder & CEO - Oka, The Carbon Insurance ...",https://uk.linkedin.com/in/chris-slater-0495b95
Victoria Azubuike - CEO of The Us Group,https://uk.linkedin.com/in/victoria-azubuike-a89146b4
Angelo Keely - Co-Founder & CEO - Kion,https://www.linkedin.com/in/angelokeely
James Titus - CEO - Newgen Biotech USA,https://www.linkedin.com/in/james-titus-aa31aa16
Dr. Anna Selvan John - NanoPV Solar Inc. USA,https://www.linkedin.com/in/dr-anna-selvan-john-39415a105
Juan Carlos Ortíz - President & CEO DDB Latina (Spain ...,https://www.linkedin.com/in/juan-carlos-ort%C3%ADz-45284115
Christian Steiner - CEO - Helvetas USA,https://www.linkedin.com/in/steinerchris
"Martin South - President and CEO, Marsh",https://www.linkedin.com/in/martin-south
Edgar Lozano - President & CEO - The USA Bouquet Co,https://www.linkedin.com/in/edgar-lozano-a79243a9
"Rodriguez Jesus - CEO, president & treasurer @ gmail.com",https://www.linkedin.com/in/rodriguez-jesus-73820a1ab
Antonio Neri,https://www.linkedin.com/in/antonio-neri-hpe
ganesh prabagaran - CEO - USA,https://www.linkedin.com/in/ganesh-prabagaran-9aa57a1ab
Mike Solomon - Chief Executive Officer - PHD,https://www.linkedin.com/in/mikesolomonomd
Jeff Maggioncalda - CEO - Coursera,https://www.linkedin.com/in/jeff-maggioncalda-5652548
Ryan Roslansky,https://www.linkedin.com/in/ryanroslansky
Johanna Y. - Founder and CEO - For People,https://www.linkedin.com/in/johannayi
Peter Wyles - Chief Executive Officer - Region Americas,https://www.linkedin.com/in/peter-wyles-6721454
"Chris Hunt - CEO Red Bull US, Head Coach ...",https://www.linkedin.com/in/chris-hunt-2853269
"Jeff Tankersley, MS, MBA - CEO & Managing Director",https://www.linkedin.com/in/jeff-tankersley-ms-mba-2975ab10
John Stone - President and CEO - Allegion,https://www.linkedin.com/in/john-stone-deere
Edgar Huber - Chief Executive Officer - NEST New York,https://www.linkedin.com/in/edgarhuber
Florian Otto - CEO and Co-Founder - Cedar Inc.,https://www.linkedin.com/in/florianotto
Jamie Prickett - Experior Financial Group Inc.,https://ca.linkedin.com/in/jamieprickett
Fritz Carlson - President & CEO | Material Removal ...,https://www.linkedin.com/in/fritz-carlson
Matt Mullenweg - CEO - Automattic Inc.,https://www.linkedin.com/in/mattm
Julie Hansen - CRO & US CEO - Babbel,https://www.linkedin.com/in/juliehansenalexander
Philip Belamant,https://uk.linkedin.com/in/philip-belamant
Bev White - Board Member - SQLI,https://uk.linkedin.com/in/bevwhite
Fadi Yaish - Founder and CEO - And Us Group,https://ae.linkedin.com/in/fadiyaish
Julie Cohen - Chief Executive Officer - Across the Pond,https://uk.linkedin.com/in/julieannecohen
Sidd Ahmed - President & CEO - VDart Inc,https://www.linkedin.com/in/siddsa
Julio Bruno - Founder & CEO - BeBeMe,https://uk.linkedin.com/in/juliobruno
Adam Alani - CEO - USA Gaming,https://in.linkedin.com/in/adam-alani-23b008142
Raymond Nogael - President and CEO North America,https://ca.linkedin.com/in/rnogael
Frank Radtke - CEO - USA First Choice Consulting,https://ca.linkedin.com/in/frank-radtke-41b701ba
Dew Drop - CEO - Iberdrola USA,https://bd.linkedin.com/in/dewdrop670
Nishith Mirani - Group CEO - NEXTVIEW LLC - USA,https://in.linkedin.com/in/nishith-mirani-283ab2176
Christoph Langwallner - Co-founder & CEO - WhatIF Foods,https://sg.linkedin.com/in/christophlangwallner
Azu Ikejiani - CEO - Kanec USA Inc,https://ng.linkedin.com/in/azu-ikejiani-8b574316
Paul Hudson - Chief Executive Officer - Sanofi,https://fr.linkedin.com/in/paulhudsonprofile
Asif Peer,https://pk.linkedin.com/in/asif-peer-72b19334
Geoffrey Finlay - Chairman - Navitas Safety,https://uk.linkedin.com/in/geoffreyfinlay
Aaron Patzer,https://nz.linkedin.com/in/apatzer
Tal Zilberberg - Executive Director - The Global Chamber,https://il.linkedin.com/in/tal-zilberberg-88b13166
Marc Coleman - Founder & CEO - UNLEASH,https://uk.linkedin.com/in/marccoleman
Rajeeb Dey MBE - Founder & CEO - Learnerbly,https://uk.linkedin.com/in/rajeebdey
Jack Casey - Co-Founder & CEO - Impact Consulting,https://uk.linkedin.com/in/jack-casey-427234127
James Brooke - CEO - Sweft,https://uk.linkedin.com/in/jamesbrooke
Tamseel Hussain - Founder & CEO - People Like Us ...,https://in.linkedin.com/in/tamseel-hussain
Michel Zecri - Chief Executive Officer - LYNRED USA,https://fr.linkedin.com/in/michel-zecri-67abb89
Seni Sulyman - Co-Founder and CEO - Talstack,https://ng.linkedin.com/in/senisulyman
Dylan Field,https://www.linkedin.com/in/dylanfield
Mike Green - Professor and CEO - US Studies Centre,https://au.linkedin.com/in/mike-green-5b24a3114
Nirav Shah - Founder & CEO - Permanent & Locum Hire,https://uk.linkedin.com/in/niravshah1
Danna Walker - Founder | CEO - Built By Us,https://uk.linkedin.com/in/danna-walker-067b0736
Lev Likhtarev - Founder & CEO - Pastory,https://uk.linkedin.com/in/likhtarev?trk=public_profile_browsemap
sulman naseer - ceo - usa beautycare.com,https://pk.linkedin.com/in/sulman-naseer-03820071
Robert Tadros - Founder & CEO - Impressive Digital,https://au.linkedin.com/in/roberttadros
Deepak Divakaran - CEO - Orbit Infotec,https://in.linkedin.com/in/deepak-divakaran-5754bb17a
Dan Eisenhardt - Founder & CEO - FORM,https://ca.linkedin.com/in/daneisenhardt
ADEKUNLE KAYODE ALLIU - FOUNDER and CEO,https://ng.linkedin.com/in/adekunle-kayode-alliu-44b669129
Huub TEMMINK (private) - ceo - USA 3000 Airlines,https://in.linkedin.com/in/huub-temmink-private-46399a10
Tony Reis - Chief Executive Officer at Olsen Canada & USA,https://ca.linkedin.com/in/tonyreis1
Zayed Ahmed - Founder and CEO - ASL BPO,https://bd.linkedin.com/in/zayed-ahmed-a539a986
Mauro Caneschi - Group Chief Executive Officer,https://it.linkedin.com/in/mauro-caneschi-990b4618
Netta Kivilis - Founder and CEO - Blue Seedling,https://il.linkedin.com/in/netta
Jean-François Duquesne - CEO North America,https://ca.linkedin.com/in/jean-fran%C3%A7ois-duquesne-60bba53
Kamalesh US - Founder and CEO - LeadLoaaf,https://in.linkedin.com/in/kamleshkumars
和和 - CEO - USA TODAY,https://kh.linkedin.com/in/%E5%92%8C-%E5%92%8C-85210a96
asad raza - ceo - USA TODAY,https://uk.linkedin.com/in/asad-raza-377719a5
David Bailey,https://uk.linkedin.com/in/david-bailey-831b9518
Ashish Munjal - Co-Founder and CEO - Sunstone,https://in.linkedin.com/in/ashishmunjal
Sandeep kumar - ceo - Usa Cars,https://in.linkedin.com/in/sandeep-kumar-2a0738197
Mercedes Abramo,https://ch.linkedin.com/in/mercedes-abramo-5013984
"Thomas Yoon - LG Electronics U.S.A., Inc. | President & CEO",https://kr.linkedin.com/in/thomasyoonlg
Matan Bar - Co-founder & CEO - Melio,https://il.linkedin.com/in/matanbar
Rhys Jones⚡️ - Recharge Recruitment Ltd,https://uk.linkedin.com/in/rhysjonesusa?trk=public_profile_browsemap
Gyve Safavi - Co-Founder & CEO - SURI,https://uk.linkedin.com/in/gyvestar
Patrick Sulliot - President and CEO Americas & Oceania,https://ca.linkedin.com/in/patrick-sulliot-029a1b159
Pooja Jauhari - Founder & CEO - EMoMee,https://in.linkedin.com/in/pooja-jauhari-4ab38755
Sharad Mathur - Managing Director & CEO,https://in.linkedin.com/in/sharad-mathur-5918285
Nafiza Adnan - ceo - USA Technologies,https://bd.linkedin.com/in/nafiza-adnan-b3495b134
Daniel Nathrath – Co-Founder and CEO – Ada Health,https://de.linkedin.com/in/nathrath
Judd Aron - CEO - USA Health Products,https://za.linkedin.com/in/judd-aron-807a5290
RP Singh - Managing Director & CEO - Shriram Fortune ...,https://in.linkedin.com/in/rp-singh-76595223
Suresh Jagtiani - Group CEO - FirstChoice Group Canada ...,https://ca.linkedin.com/in/suresh-jagtiani-34b312a9
Ken Zwiebel - Chief Executive Officer - AnyComplete,https://il.linkedin.com/in/ken-zwiebel
Frank Holemans - President & CEO - Firebreak Canada ...,https://ca.linkedin.com/in/frank-holemans-b5178220
Ashwani Sharma - President & CEO - UFLEX Group,https://in.linkedin.com/in/ashwani-sharma-13233615
Akshay Chaturvedi - Founder & CEO - Leverage Edu,https://in.linkedin.com/in/akshaychaturvedi
abdul waheed - Askari General Insurance Company Limited,https://pk.linkedin.com/in/abdul-waheed-68303415
Adam Centorrino - Founder and Chief Executive Officer,https://au.linkedin.com/in/adam-centorrino
Thomas Helms - Founder & CEO - Crispa.ai,https://pt.linkedin.com/in/helmsthomas
John R Fergusson - Director & CEO - B.A.C.U.P. the Future ...,https://au.linkedin.com/in/johnrfergusson
Rajeev Malik - Founder & CEO - RWV Group,https://in.linkedin.com/in/rajeev-malik-87540130
Sandeep Arora - Managing Director and CEO,https://in.linkedin.com/in/sandeeparora99
Andrey K. - Founder and CEO - Miro,https://nl.linkedin.com/in/khusid
Rohit Karan - Executive Director - Tesla Power USA,https://in.linkedin.com/in/rohit-karan-35253720a
Rohit Chawla - Founder & CEO - Innovist,https://in.linkedin.com/in/rchawla
Jim Anastasiadis - Magic White Inc. Canada / USA,https://ca.linkedin.com/in/jim-anastasiadis-1a681311
Patrick Short - Co-Founder and CEO - Sano Genetics,https://uk.linkedin.com/in/patrick-short
peter hale - ceo usa oil mines in nigeria - Grand Oil,https://ng.linkedin.com/in/peter-hale-7b4006173
Iliassou Kamara - Principal CEO - Usa west africa,https://lr.linkedin.com/in/iliassou-kamara-30207a188
Somsubhra GanChoudhuri - Co-Founder & CEO - Ai Palette,https://sg.linkedin.com/in/somsubhrag
Vishal Punamiya - Founder and CEO - Ventory,https://be.linkedin.com/in/vishalpunamiya
"Fertram Sigurjonsson - Founder, President & CEO - Kerecis",https://is.linkedin.com/in/fertram
Harshal shah - Elsner Technologies Pvt. Ltd. DAIICT,https://in.linkedin.com/in/harshalelsner
Simon Fieldhouse,https://uk.linkedin.com/in/simonfieldhouse
steven benjemin - CEO - USA Aide,https://lk.linkedin.com/in/steven-benjemin-54877643
Mike Kwal - Founder & CEO - MK Way,https://ca.linkedin.com/in/mikekwal
Rajkumar Jalan - CEO - USA Online LLC,https://in.linkedin.com/in/rajkjalan
Sam Gupta - Founder and CEO - ElevatIQ,https://ca.linkedin.com/in/samguptausa
Suresh V Shankar - Founder and CEO - Crayon Data,https://sg.linkedin.com/in/sureshshankar
Dave Ward - Chief Executive Officer - Meticulosity,https://ca.linkedin.com/in/davewardny
Taranjeet Singh - Co-Founder and CEO - Innvocon ...,https://in.linkedin.com/in/taranjeet-singh-b604a1131
"Luis Gonzalez - Founder / CEO, USA - InterConnecta",https://pr.linkedin.com/in/luis-gonzalez-302a476/es
John Austin - Founder & CEO - Talegent,https://au.linkedin.com/in/johnaaustin
"Magdy Moussa - Owner, President & CEO - Clean Air ...",https://ca.linkedin.com/in/magdy-moussa-6184b18
ABUL HAYAT ASIB - OWNER & CEO,https://bd.linkedin.com/in/abul-hayat-asib-0a4295aa
Eyad Abu Khorma - Founder & CEO - NaiTel,https://jo.linkedin.com/in/eyad-abu-khorma-77487028
Sarah Franklin,https://www.linkedin.com/in/sarahfranklin
Luke Sheffield,https://www.linkedin.com/in/luke-sheffield-333b8b21
Kory Stevens - TAFT,https://www.linkedin.com/in/kory-stevens-97b97a46
Reuben Alexander Saxon - Strategic Advisor - Isometric,https://uk.linkedin.com/in/realexandersaxon
Bill Gates,https://www.linkedin.com/in/williamhgates
Kat MacLean Daley - VP & Head of Publishing,https://www.linkedin.com/in/kat-maclean-daley-624204a6
Eric Schwamberger - HGS Interactive,https://www.linkedin.com/in/eschwamberger
Ahmed Saad - القاهرة القاهرة الجديدة مصر | ملف شخصي احترافي,https://eg.linkedin.com/in/ahmed-saad-a7310162
